DataMeta;LojaID;Categoria;MetaReceita;MetaMargem
2024-01-01;1;Eletronicos;6974,00;2555,59
2024-01-01;1;Casa;7734,06;2990,82
2024-01-01;1;Moda;6805,34;2805,34
2024-01-01;1;Beleza;4375,92;1597,92
2024-01-01;1;Esporte;4969,26;1906,16
2024-01-01;2;Eletronicos;4244,16;1746,01
2024-01-01;2;Casa;2792,29;1120,97
2024-01-01;2;Moda;5178,95;1921,34
2024-01-01;2;Beleza;1122,75;482,42
2024-01-01;2;Esporte;2878,36;1192,71
2024-01-01;3;Eletronicos;2431,14;989,00
2024-01-01;3;Casa;1038,22;388,06
2024-01-01;3;Moda;3894,73;1503,42
2024-01-01;3;Beleza;4414,04;1789,28
2024-01-01;3;Esporte;3286,60;1425,44
2024-01-01;4;Eletronicos;4109,96;1532,69
2024-01-01;4;Casa;4022,38;1588,03
2024-01-01;4;Moda;5226,91;2086,79
2024-01-01;4;Beleza;4799,59;1945,01
2024-01-01;4;Esporte;8719,72;3901,77
2024-01-01;5;Eletronicos;2073,37;805,37
2024-01-01;5;Casa;2845,07;1118,72
2024-01-01;5;Moda;4624,01;1903,45
2024-01-01;5;Beleza;1817,91;714,07
2024-01-01;5;Esporte;1915,18;719,60
2024-01-01;6;Eletronicos;2321,95;948,37
2024-01-01;6;Casa;7249,21;3247,91
2024-01-01;6;Moda;7288,40;2867,32
2024-01-01;6;Beleza;1926,11;776,39
2024-01-01;6;Esporte;1579,87;726,73
2024-01-01;7;Eletronicos;1204,87;441,42
2024-01-01;7;Casa;2616,39;1084,62
2024-01-01;7;Moda;4043,52;1574,34
2024-01-01;7;Beleza;1304,55;536,97
2024-01-01;7;Esporte;795,86;315,91
2024-01-01;8;Eletronicos;3782,88;1522,37
2024-01-01;8;Casa;2269,19;911,43
2024-01-01;8;Moda;8407,23;3293,01
2024-01-01;8;Beleza;3633,41;1420,94
2024-01-01;8;Esporte;771,20;291,53
2024-01-01;9;Eletronicos;1112,17;510,80
2024-01-01;9;Casa;3825,12;1723,94
2024-01-01;9;Moda;1484,20;612,99
2024-01-01;9;Beleza;4715,34;2059,98
2024-01-01;9;Esporte;2935,67;1322,15
2024-01-01;10;Eletronicos;1786,81;789,97
2024-01-01;10;Casa;2860,66;1238,20
2024-01-01;10;Moda;3418,67;1367,69
2024-01-01;10;Beleza;4016,23;1532,73
2024-01-01;10;Esporte;3973,00;1481,76
2024-01-01;11;Eletronicos;8051,21;3441,78
2024-01-01;11;Casa;8408,00;3589,85
2024-01-01;11;Moda;4011,34;1530,24
2024-01-01;11;Beleza;8074,83;3302,19
2024-01-01;11;Esporte;4869,89;2058,27
2024-01-01;12;Eletronicos;6647,91;2915,76
2024-01-01;12;Casa;4887,65;1905,40
2024-01-01;12;Moda;1794,06;691,98
2024-01-01;12;Beleza;4209,80;1530,87
2024-01-01;12;Esporte;1870,03;780,83
2024-02-01;1;Eletronicos;2024,31;888,84
2024-02-01;1;Casa;3078,65;1382,06
2024-02-01;1;Moda;1775,47;753,16
2024-02-01;1;Beleza;1276,28;584,88
2024-02-01;1;Esporte;2718,08;1243,88
2024-02-01;2;Eletronicos;1177,71;499,61
2024-02-01;2;Casa;3666,31;1422,81
2024-02-01;2;Moda;1720,24;756,21
2024-02-01;2;Beleza;2761,15;1117,91
2024-02-01;2;Esporte;3124,46;1165,29
2024-02-01;3;Eletronicos;2675,52;1218,67
2024-02-01;3;Casa;1406,91;542,05
2024-02-01;3;Moda;8342,26;3097,53
2024-02-01;3;Beleza;1467,45;528,44
2024-02-01;3;Esporte;3313,95;1442,19
2024-02-01;4;Eletronicos;2825,20;1241,54
2024-02-01;4;Casa;1722,23;666,32
2024-02-01;4;Moda;3013,88;1237,41
2024-02-01;4;Beleza;4817,64;1820,73
2024-02-01;4;Esporte;1409,30;640,89
2024-02-01;5;Eletronicos;1363,95;617,00
2024-02-01;5;Casa;2228,54;844,08
2024-02-01;5;Moda;3784,12;1556,41
2024-02-01;5;Beleza;1983,07;848,98
2024-02-01;5;Esporte;4294,59;1831,22
2024-02-01;6;Eletronicos;3531,46;1586,94
2024-02-01;6;Casa;3673,33;1486,74
2024-02-01;6;Moda;956,29;399,90
2024-02-01;6;Beleza;1024,34;385,05
2024-02-01;6;Esporte;2831,58;1257,27
2024-02-01;7;Eletronicos;4135,89;1613,28
2024-02-01;7;Casa;2273,23;922,16
2024-02-01;7;Moda;9070,89;3836,97
2024-02-01;7;Beleza;5219,55;2025,53
2024-02-01;7;Esporte;2804,74;1257,21
2024-02-01;8;Eletronicos;1064,64;420,55
2024-02-01;8;Casa;972,68;423,06
2024-02-01;8;Moda;3832,30;1608,67
2024-02-01;8;Beleza;1844,70;742,38
2024-02-01;8;Esporte;1644,05;651,38
2024-02-01;9;Eletronicos;4479,67;2042,75
2024-02-01;9;Casa;4601,34;2002,34
2024-02-01;9;Moda;2668,64;1204,51
2024-02-01;9;Beleza;2201,88;866,52
2024-02-01;9;Esporte;3565,02;1304,93
2024-02-01;10;Eletronicos;1971,97;826,69
2024-02-01;10;Casa;2512,02;1026,02
2024-02-01;10;Moda;5277,69;2151,82
2024-02-01;10;Beleza;1306,93;572,98
2024-02-01;10;Esporte;4055,36;1650,18
2024-02-01;11;Eletronicos;2762,43;1004,51
2024-02-01;11;Casa;4840,15;1869,60
2024-02-01;11;Moda;2229,81;860,56
2024-02-01;11;Beleza;3641,34;1425,91
2024-02-01;11;Esporte;2053,36;755,67
2024-02-01;12;Eletronicos;2996,82;1244,55
2024-02-01;12;Casa;2921,81;1111,82
2024-02-01;12;Moda;6685,16;2705,02
2024-02-01;12;Beleza;2420,96;925,84
2024-02-01;12;Esporte;2460,78;1124,56
2024-03-01;1;Eletronicos;2951,42;1192,64
2024-03-01;1;Casa;4417,85;1628,93
2024-03-01;1;Moda;4404,59;1774,79
2024-03-01;1;Beleza;2525,70;959,04
2024-03-01;1;Esporte;1446,25;643,59
2024-03-01;2;Eletronicos;5181,61;1874,14
2024-03-01;2;Casa;1359,08;547,56
2024-03-01;2;Moda;3371,98;1462,04
2024-03-01;2;Beleza;2363,78;996,69
2024-03-01;2;Esporte;4629,97;1725,11
2024-03-01;3;Eletronicos;3345,40;1285,28
2024-03-01;3;Casa;2124,46;801,16
2024-03-01;3;Moda;3334,02;1502,13
2024-03-01;3;Beleza;2307,43;973,86
2024-03-01;3;Esporte;2592,62;938,17
2024-03-01;4;Eletronicos;2614,92;957,95
2024-03-01;4;Casa;3644,82;1549,19
2024-03-01;4;Moda;3607,43;1301,33
2024-03-01;4;Beleza;1908,54;850,90
2024-03-01;4;Esporte;3217,93;1437,54
2024-03-01;5;Eletronicos;4341,01;1936,06
2024-03-01;5;Casa;3586,01;1598,42
2024-03-01;5;Moda;5555,33;2519,00
2024-03-01;5;Beleza;3342,03;1209,97
2024-03-01;5;Esporte;1966,50;904,38
2024-03-01;6;Eletronicos;1913,57;697,48
2024-03-01;6;Casa;2476,99;986,61
2024-03-01;6;Moda;5736,70;2383,34
2024-03-01;6;Beleza;5674,15;2283,96
2024-03-01;6;Esporte;2840,61;1025,73
2024-03-01;7;Eletronicos;4509,58;1670,30
2024-03-01;7;Casa;5971,05;2602,19
2024-03-01;7;Moda;5068,07;2173,51
2024-03-01;7;Beleza;1933,78;785,33
2024-03-01;7;Esporte;2080,69;840,69
2024-03-01;8;Eletronicos;5742,77;2205,70
2024-03-01;8;Casa;7176,55;3066,81
2024-03-01;8;Moda;4135,15;1548,37
2024-03-01;8;Beleza;2914,20;1154,49
2024-03-01;8;Esporte;7404,21;3093,21
2024-03-01;9;Eletronicos;4121,59;1700,21
2024-03-01;9;Casa;4149,99;1584,18
2024-03-01;9;Moda;1348,07;592,58
2024-03-01;9;Beleza;6983,80;3123,54
2024-03-01;9;Esporte;6875,13;3076,52
2024-03-01;10;Eletronicos;2246,36;854,67
2024-03-01;10;Casa;2574,55;996,80
2024-03-01;10;Moda;4803,82;1885,40
2024-03-01;10;Beleza;2286,08;976,87
2024-03-01;10;Esporte;1987,82;912,98
2024-03-01;11;Eletronicos;4620,64;2099,90
2024-03-01;11;Casa;4460,75;1922,57
2024-03-01;11;Moda;2341,46;1033,42
2024-03-01;11;Beleza;4614,92;1694,44
2024-03-01;11;Esporte;5212,46;2316,17
2024-03-01;12;Eletronicos;4078,91;1712,01
2024-03-01;12;Casa;3046,37;1302,49
2024-03-01;12;Moda;2793,30;1154,60
2024-03-01;12;Beleza;3996,54;1745,18
2024-03-01;12;Esporte;1995,02;790,82
2024-04-01;1;Eletronicos;3393,73;1222,37
2024-04-01;1;Casa;1690,60;774,69
2024-04-01;1;Moda;4389,19;1993,05
2024-04-01;1;Beleza;3610,20;1521,22
2024-04-01;1;Esporte;5172,79;1931,21
2024-04-01;2;Eletronicos;3149,85;1150,43
2024-04-01;2;Casa;2402,77;1072,31
2024-04-01;2;Moda;1527,20;562,84
2024-04-01;2;Beleza;1623,57;706,34
2024-04-01;2;Esporte;3131,41;1353,86
2024-04-01;3;Eletronicos;2806,48;1065,76
2024-04-01;3;Casa;2282,63;914,18
2024-04-01;3;Moda;4764,41;1880,39
2024-04-01;3;Beleza;3440,69;1394,38
2024-04-01;3;Esporte;2360,03;924,52
2024-04-01;4;Eletronicos;1271,27;571,88
2024-04-01;4;Casa;2065,81;746,00
2024-04-01;4;Moda;2647,80;1111,33
2024-04-01;4;Beleza;1328,04;568,56
2024-04-01;4;Esporte;1382,28;514,86
2024-04-01;5;Eletronicos;1758,79;685,83
2024-04-01;5;Casa;7705,47;2868,51
2024-04-01;5;Moda;4535,58;1912,99
2024-04-01;5;Beleza;3232,83;1336,06
2024-04-01;5;Esporte;3215,83;1479,09
2024-04-01;6;Eletronicos;3451,63;1362,88
2024-04-01;6;Casa;2424,85;1042,83
2024-04-01;6;Moda;8264,78;3254,18
2024-04-01;6;Beleza;4748,91;2173,43
2024-04-01;6;Esporte;5503,77;2137,70
2024-04-01;7;Eletronicos;3009,51;1378,64
2024-04-01;7;Casa;3262,46;1318,08
2024-04-01;7;Moda;2405,93;1015,89
2024-04-01;7;Beleza;2657,84;1065,67
2024-04-01;7;Esporte;6067,12;2675,19
2024-04-01;8;Eletronicos;1161,21;431,65
2024-04-01;8;Casa;1419,32;571,01
2024-04-01;8;Moda;3488,25;1572,37
2024-04-01;8;Beleza;1691,11;717,98
2024-04-01;8;Esporte;2832,43;1224,93
2024-04-01;9;Eletronicos;2692,54;1032,39
2024-04-01;9;Casa;3898,02;1646,50
2024-04-01;9;Moda;9186,95;3440,91
2024-04-01;9;Beleza;1355,10;579,46
2024-04-01;9;Esporte;2872,66;1228,13
2024-04-01;10;Eletronicos;4291,06;1548,16
2024-04-01;10;Casa;2207,28;798,34
2024-04-01;10;Moda;6441,36;2639,57
2024-04-01;10;Beleza;4609,08;1940,91
2024-04-01;10;Esporte;4593,80;2031,36
2024-04-01;11;Eletronicos;5329,26;2028,52
2024-04-01;11;Casa;5816,12;2107,89
2024-04-01;11;Moda;3083,86;1292,35
2024-04-01;11;Beleza;3465,51;1462,03
2024-04-01;11;Esporte;2040,05;897,63
2024-04-01;12;Eletronicos;3729,26;1426,92
2024-04-01;12;Casa;1386,20;512,88
2024-04-01;12;Moda;4934,03;1914,96
2024-04-01;12;Beleza;803,95;293,66
2024-04-01;12;Esporte;3053,59;1133,83
2024-05-01;1;Eletronicos;5331,33;2129,58
2024-05-01;1;Casa;4908,27;1791,21
2024-05-01;1;Moda;9523,10;3814,94
2024-05-01;1;Beleza;4841,64;1779,09
2024-05-01;1;Esporte;3317,35;1521,85
2024-05-01;2;Eletronicos;5167,24;2150,38
2024-05-01;2;Casa;3998,44;1795,61
2024-05-01;2;Moda;5506,09;2212,73
2024-05-01;2;Beleza;1381,29;561,58
2024-05-01;2;Esporte;1906,64;701,19
2024-05-01;3;Eletronicos;7856,15;3280,19
2024-05-01;3;Casa;5693,63;2138,24
2024-05-01;3;Moda;5706,51;2168,08
2024-05-01;3;Beleza;3042,15;1395,72
2024-05-01;3;Esporte;3626,62;1374,66
2024-05-01;4;Eletronicos;3872,68;1671,67
2024-05-01;4;Casa;3727,24;1441,95
2024-05-01;4;Moda;5197,97;2003,02
2024-05-01;4;Beleza;2050,01;764,45
2024-05-01;4;Esporte;3603,14;1529,37
2024-05-01;5;Eletronicos;1990,78;752,88
2024-05-01;5;Casa;5760,74;2632,63
2024-05-01;5;Moda;4223,26;1937,88
2024-05-01;5;Beleza;4330,28;1979,81
2024-05-01;5;Esporte;3163,86;1190,68
2024-05-01;6;Eletronicos;2206,77;839,57
2024-05-01;6;Casa;3050,66;1289,60
2024-05-01;6;Moda;4126,59;1766,64
2024-05-01;6;Beleza;4718,44;1757,73
2024-05-01;6;Esporte;507,48;224,33
2024-05-01;7;Eletronicos;499,66;202,76
2024-05-01;7;Casa;2047,63;913,01
2024-05-01;7;Moda;2477,46;989,91
2024-05-01;7;Beleza;0,00;0,00
2024-05-01;7;Esporte;1300,20;583,16
2024-05-01;8;Eletronicos;5009,00;2180,12
2024-05-01;8;Casa;5849,09;2618,22
2024-05-01;8;Moda;4419,69;1914,42
2024-05-01;8;Beleza;1709,46;713,39
2024-05-01;8;Esporte;2226,84;941,05
2024-05-01;9;Eletronicos;2075,81;866,89
2024-05-01;9;Casa;3107,21;1140,14
2024-05-01;9;Moda;4531,81;1766,05
2024-05-01;9;Beleza;2332,02;1014,76
2024-05-01;9;Esporte;1818,70;742,09
2024-05-01;10;Eletronicos;2156,33;890,85
2024-05-01;10;Casa;1543,16;679,88
2024-05-01;10;Moda;5215,26;1880,85
2024-05-01;10;Beleza;297,42;134,36
2024-05-01;10;Esporte;3408,87;1512,41
2024-05-01;11;Eletronicos;2382,34;1084,05
2024-05-01;11;Casa;1061,46;480,89
2024-05-01;11;Moda;8179,40;3432,90
2024-05-01;11;Beleza;2328,80;967,22
2024-05-01;11;Esporte;1759,52;802,13
2024-05-01;12;Eletronicos;1324,95;558,39
2024-05-01;12;Casa;1722,62;786,93
2024-05-01;12;Moda;1950,60;882,96
2024-05-01;12;Beleza;2002,05;881,31
2024-05-01;12;Esporte;2186,06;797,30
2024-06-01;1;Eletronicos;2498,39;1064,17
2024-06-01;1;Casa;2674,34;1066,27
2024-06-01;1;Moda;1755,24;764,97
2024-06-01;1;Beleza;3830,27;1723,76
2024-06-01;1;Esporte;3636,72;1380,59
2024-06-01;2;Eletronicos;1890,44;772,17
2024-06-01;2;Casa;2200,93;951,85
2024-06-01;2;Moda;2040,45;888,56
2024-06-01;2;Beleza;3218,13;1237,14
2024-06-01;2;Esporte;2349,87;989,30
2024-06-01;3;Eletronicos;2104,37;950,95
2024-06-01;3;Casa;3689,32;1358,91
2024-06-01;3;Moda;2914,45;1174,57
2024-06-01;3;Beleza;947,53;385,62
2024-06-01;3;Esporte;4396,55;1713,74
2024-06-01;4;Eletronicos;3175,55;1228,89
2024-06-01;4;Casa;5120,82;2206,74
2024-06-01;4;Moda;4708,98;1780,95
2024-06-01;4;Beleza;1655,25;673,18
2024-06-01;4;Esporte;2576,59;1163,41
2024-06-01;5;Eletronicos;2435,34;1108,40
2024-06-01;5;Casa;5979,01;2593,60
2024-06-01;5;Moda;3907,30;1424,55
2024-06-01;5;Beleza;5099,79;2296,73
2024-06-01;5;Esporte;1088,80;496,80
2024-06-01;6;Eletronicos;3273,80;1397,83
2024-06-01;6;Casa;2221,47;849,83
2024-06-01;6;Moda;857,90;347,16
2024-06-01;6;Beleza;4222,06;1783,42
2024-06-01;6;Esporte;3094,49;1389,50
2024-06-01;7;Eletronicos;3803,55;1498,39
2024-06-01;7;Casa;3303,21;1424,13
2024-06-01;7;Moda;1588,21;685,09
2024-06-01;7;Beleza;4751,38;2116,97
2024-06-01;7;Esporte;6362,28;2826,03
2024-06-01;8;Eletronicos;4178,18;1529,55
2024-06-01;8;Casa;1919,64;866,43
2024-06-01;8;Moda;6198,54;2275,66
2024-06-01;8;Beleza;2294,17;974,72
2024-06-01;8;Esporte;5197,89;2290,20
2024-06-01;9;Eletronicos;2690,74;973,40
2024-06-01;9;Casa;2971,29;1230,03
2024-06-01;9;Moda;2545,72;1062,14
2024-06-01;9;Beleza;2129,99;906,33
2024-06-01;9;Esporte;3386,89;1552,76
2024-06-01;10;Eletronicos;5145,51;2164,33
2024-06-01;10;Casa;1837,85;680,29
2024-06-01;10;Moda;4779,71;2013,63
2024-06-01;10;Beleza;1448,16;652,43
2024-06-01;10;Esporte;2949,29;1124,88
2024-06-01;11;Eletronicos;3516,40;1560,87
2024-06-01;11;Casa;1642,07;717,40
2024-06-01;11;Moda;3504,02;1447,11
2024-06-01;11;Beleza;1563,52;705,04
2024-06-01;11;Esporte;3013,91;1181,70
2024-06-01;12;Eletronicos;1395,48;533,36
2024-06-01;12;Casa;3385,05;1528,08
2024-06-01;12;Moda;5224,42;2111,67
2024-06-01;12;Beleza;4197,56;1557,27
2024-06-01;12;Esporte;4013,32;1665,69
2024-07-01;1;Eletronicos;487,67;193,67
2024-07-01;1;Casa;4736,67;2119,85
2024-07-01;1;Moda;2989,35;1078,95
2024-07-01;1;Beleza;2988,28;1356,25
2024-07-01;1;Esporte;2484,04;991,10
2024-07-01;2;Eletronicos;1922,71;869,86
2024-07-01;2;Casa;2483,00;944,66
2024-07-01;2;Moda;4327,56;1787,92
2024-07-01;2;Beleza;1258,51;498,58
2024-07-01;2;Esporte;2714,00;1012,90
2024-07-01;3;Eletronicos;3295,43;1234,93
2024-07-01;3;Casa;3448,71;1559,17
2024-07-01;3;Moda;4664,88;1968,48
2024-07-01;3;Beleza;5896,43;2580,09
2024-07-01;3;Esporte;3533,18;1422,33
2024-07-01;4;Eletronicos;3318,03;1272,06
2024-07-01;4;Casa;6287,80;2490,05
2024-07-01;4;Moda;6197,07;2509,35
2024-07-01;4;Beleza;2911,07;1269,63
2024-07-01;4;Esporte;1559,57;680,01
2024-07-01;5;Eletronicos;5765,02;2343,03
2024-07-01;5;Casa;3664,20;1482,47
2024-07-01;5;Moda;6659,29;2960,22
2024-07-01;5;Beleza;1279,31;576,92
2024-07-01;5;Esporte;3427,44;1314,23
2024-07-01;6;Eletronicos;2847,26;1242,98
2024-07-01;6;Casa;4142,25;1533,67
2024-07-01;6;Moda;7160,54;2665,77
2024-07-01;6;Beleza;2073,95;890,78
2024-07-01;6;Esporte;3530,21;1555,29
2024-07-01;7;Eletronicos;1644,51;679,36
2024-07-01;7;Casa;1460,77;621,82
2024-07-01;7;Moda;7606,39;3137,27
2024-07-01;7;Beleza;299,86;132,92
2024-07-01;7;Esporte;1808,45;698,65
2024-07-01;8;Eletronicos;7341,62;2649,87
2024-07-01;8;Casa;1941,32;891,56
2024-07-01;8;Moda;3395,10;1508,41
2024-07-01;8;Beleza;6257,61;2647,97
2024-07-01;8;Esporte;2169,53;995,43
2024-07-01;9;Eletronicos;2544,85;955,13
2024-07-01;9;Casa;2532,00;1132,85
2024-07-01;9;Moda;5324,19;2385,74
2024-07-01;9;Beleza;692,34;317,65
2024-07-01;9;Esporte;2045,75;917,72
2024-07-01;10;Eletronicos;2627,73;1116,12
2024-07-01;10;Casa;4467,35;1896,86
2024-07-01;10;Moda;526,40;205,14
2024-07-01;10;Beleza;1330,00;526,55
2024-07-01;10;Esporte;1907,36;871,52
2024-07-01;11;Eletronicos;4634,16;2067,52
2024-07-01;11;Casa;7300,08;3010,98
2024-07-01;11;Moda;6012,09;2333,92
2024-07-01;11;Beleza;3574,62;1561,45
2024-07-01;11;Esporte;3266,63;1325,28
2024-07-01;12;Eletronicos;2153,62;849,38
2024-07-01;12;Casa;2743,83;1113,18
2024-07-01;12;Moda;7223,61;2831,21
2024-07-01;12;Beleza;2863,11;1250,72
2024-07-01;12;Esporte;5547,51;2441,75
2024-08-01;1;Eletronicos;465,91;181,86
2024-08-01;1;Casa;4102,94;1682,02
2024-08-01;1;Moda;4163,03;1684,82
2024-08-01;1;Beleza;5573,96;2435,34
2024-08-01;1;Esporte;2917,48;1178,69
2024-08-01;2;Eletronicos;7331,92;2968,40
2024-08-01;2;Casa;5322,27;2048,68
2024-08-01;2;Moda;7173,91;3094,34
2024-08-01;2;Beleza;1021,06;388,02
2024-08-01;2;Esporte;6382,59;2831,73
2024-08-01;3;Eletronicos;5197,69;2317,86
2024-08-01;3;Casa;4815,58;2056,91
2024-08-01;3;Moda;6922,02;2639,02
2024-08-01;3;Beleza;2903,21;1287,49
2024-08-01;3;Esporte;3208,66;1340,78
2024-08-01;4;Eletronicos;2475,69;1099,97
2024-08-01;4;Casa;2228,23;949,43
2024-08-01;4;Moda;2134,58;932,79
2024-08-01;4;Beleza;2473,06;1053,68
2024-08-01;4;Esporte;2816,33;1183,78
2024-08-01;5;Eletronicos;2060,67;789,65
2024-08-01;5;Casa;947,31;376,16
2024-08-01;5;Moda;7114,11;2798,36
2024-08-01;5;Beleza;1320,59;578,52
2024-08-01;5;Esporte;2617,83;1022,24
2024-08-01;6;Eletronicos;4545,85;1692,37
2024-08-01;6;Casa;2479,24;1015,29
2024-08-01;6;Moda;497,12;180,50
2024-08-01;6;Beleza;6515,55;2766,78
2024-08-01;6;Esporte;1832,07;677,58
2024-08-01;7;Eletronicos;3169,68;1331,27
2024-08-01;7;Casa;2193,86;976,95
2024-08-01;7;Moda;5145,65;2135,17
2024-08-01;7;Beleza;1061,43;463,16
2024-08-01;7;Esporte;4384,44;1896,47
2024-08-01;8;Eletronicos;2725,67;1004,85
2024-08-01;8;Casa;1329,54;583,56
2024-08-01;8;Moda;4296,08;1686,77
2024-08-01;8;Beleza;2927,08;1221,27
2024-08-01;8;Esporte;3684,47;1669,85
2024-08-01;9;Eletronicos;5431,99;2366,60
2024-08-01;9;Casa;3714,27;1657,25
2024-08-01;9;Moda;2194,87;947,46
2024-08-01;9;Beleza;4556,09;1898,36
2024-08-01;9;Esporte;5222,75;2396,55
2024-08-01;10;Eletronicos;2408,98;930,27
2024-08-01;10;Casa;3422,90;1353,78
2024-08-01;10;Moda;2373,22;1022,94
2024-08-01;10;Beleza;3945,16;1486,24
2024-08-01;10;Esporte;6854,80;3137,07
2024-08-01;11;Eletronicos;3383,14;1465,55
2024-08-01;11;Casa;5624,22;2340,08
2024-08-01;11;Moda;5928,61;2687,20
2024-08-01;11;Beleza;4351,40;1968,33
2024-08-01;11;Esporte;2160,70;850,00
2024-08-01;12;Eletronicos;1117,85;403,84
2024-08-01;12;Casa;1948,21;725,32
2024-08-01;12;Moda;2243,41;914,15
2024-08-01;12;Beleza;2872,54;1137,13
2024-08-01;12;Esporte;3009,80;1199,82
2024-09-01;1;Eletronicos;10399,60;3978,38
2024-09-01;1;Casa;4353,91;1683,86
2024-09-01;1;Moda;4129,02;1523,00
2024-09-01;1;Beleza;2978,99;1272,25
2024-09-01;1;Esporte;1416,94;548,94
2024-09-01;2;Eletronicos;5475,65;2224,29
2024-09-01;2;Casa;1169,98;503,22
2024-09-01;2;Moda;2084,43;777,12
2024-09-01;2;Beleza;3197,95;1438,01
2024-09-01;2;Esporte;2531,82;1101,64
2024-09-01;3;Eletronicos;396,85;163,49
2024-09-01;3;Casa;978,07;353,87
2024-09-01;3;Moda;2271,80;972,24
2024-09-01;3;Beleza;5499,75;2283,79
2024-09-01;3;Esporte;1325,15;539,79
2024-09-01;4;Eletronicos;1405,47;572,86
2024-09-01;4;Casa;2761,20;1099,18
2024-09-01;4;Moda;3041,35;1269,81
2024-09-01;4;Beleza;4178,66;1773,79
2024-09-01;4;Esporte;3555,44;1555,67
2024-09-01;5;Eletronicos;3785,16;1499,95
2024-09-01;5;Casa;3128,79;1381,68
2024-09-01;5;Moda;1069,27;386,08
2024-09-01;5;Beleza;5389,88;2350,16
2024-09-01;5;Esporte;2545,00;939,28
2024-09-01;6;Eletronicos;1648,14;735,84
2024-09-01;6;Casa;3117,01;1259,62
2024-09-01;6;Moda;2359,51;1065,73
2024-09-01;6;Beleza;2793,75;1229,87
2024-09-01;6;Esporte;3911,47;1659,35
2024-09-01;7;Eletronicos;4880,90;2086,84
2024-09-01;7;Casa;4905,23;1768,12
2024-09-01;7;Moda;5757,17;2530,93
2024-09-01;7;Beleza;2788,51;1158,78
2024-09-01;7;Esporte;3625,27;1369,35
2024-09-01;8;Eletronicos;4156,23;1575,06
2024-09-01;8;Casa;3279,02;1318,84
2024-09-01;8;Moda;4572,70;1789,16
2024-09-01;8;Beleza;2031,61;778,46
2024-09-01;8;Esporte;2867,21;1274,90
2024-09-01;9;Eletronicos;3079,01;1387,49
2024-09-01;9;Casa;2531,80;1145,54
2024-09-01;9;Moda;3211,79;1394,98
2024-09-01;9;Beleza;4643,06;1736,84
2024-09-01;9;Esporte;2421,32;935,86
2024-09-01;10;Eletronicos;5291,20;2123,03
2024-09-01;10;Casa;976,40;428,01
2024-09-01;10;Moda;2690,18;1166,17
2024-09-01;10;Beleza;1660,70;707,13
2024-09-01;10;Esporte;5180,38;2204,68
2024-09-01;11;Eletronicos;4969,87;2071,68
2024-09-01;11;Casa;4517,37;1968,54
2024-09-01;11;Moda;1288,71;499,33
2024-09-01;11;Beleza;2324,71;973,43
2024-09-01;11;Esporte;3791,17;1476,71
2024-09-01;12;Eletronicos;5532,52;2376,42
2024-09-01;12;Casa;3207,06;1467,68
2024-09-01;12;Moda;3188,01;1232,32
2024-09-01;12;Beleza;2362,03;964,66
2024-09-01;12;Esporte;4321,16;1811,32
2024-10-01;1;Eletronicos;2938,70;1322,63
2024-10-01;1;Casa;1603,63;647,89
2024-10-01;1;Moda;3574,20;1371,56
2024-10-01;1;Beleza;4356,28;1965,74
2024-10-01;1;Esporte;5138,97;2115,83
2024-10-01;2;Eletronicos;3793,00;1530,48
2024-10-01;2;Casa;4390,90;1891,70
2024-10-01;2;Moda;8811,46;3286,14
2024-10-01;2;Beleza;3255,94;1471,26
2024-10-01;2;Esporte;4502,14;1745,93
2024-10-01;3;Eletronicos;4836,52;1925,39
2024-10-01;3;Casa;1699,90;692,67
2024-10-01;3;Moda;8197,55;3719,57
2024-10-01;3;Beleza;2870,14;1191,98
2024-10-01;3;Esporte;1651,37;666,50
2024-10-01;4;Eletronicos;4577,28;1822,23
2024-10-01;4;Casa;2569,95;1101,29
2024-10-01;4;Moda;2354,83;891,49
2024-10-01;4;Beleza;3282,06;1229,90
2024-10-01;4;Esporte;854,00;355,15
2024-10-01;5;Eletronicos;4497,07;1729,75
2024-10-01;5;Casa;4393,79;1957,16
2024-10-01;5;Moda;4435,33;2031,27
2024-10-01;5;Beleza;1704,19;775,01
2024-10-01;5;Esporte;2998,78;1137,69
2024-10-01;6;Eletronicos;3957,31;1766,75
2024-10-01;6;Casa;7372,58;3090,43
2024-10-01;6;Moda;4843,65;2065,94
2024-10-01;6;Beleza;3597,35;1550,22
2024-10-01;6;Esporte;7453,56;3361,45
2024-10-01;7;Eletronicos;2303,93;856,52
2024-10-01;7;Casa;5166,84;2055,18
2024-10-01;7;Moda;3079,51;1278,39
2024-10-01;7;Beleza;2116,74;941,83
2024-10-01;7;Esporte;1909,43;699,67
2024-10-01;8;Eletronicos;1626,80;644,41
2024-10-01;8;Casa;3370,48;1440,03
2024-10-01;8;Moda;2607,18;945,01
2024-10-01;8;Beleza;909,64;346,91
2024-10-01;8;Esporte;6200,79;2405,08
2024-10-01;9;Eletronicos;1152,89;492,20
2024-10-01;9;Casa;4073,21;1834,75
2024-10-01;9;Moda;6100,25;2557,60
2024-10-01;9;Beleza;4309,24;1868,33
2024-10-01;9;Esporte;2251,39;926,78
2024-10-01;10;Eletronicos;3539,66;1352,30
2024-10-01;10;Casa;6484,49;2880,84
2024-10-01;10;Moda;2888,86;1158,20
2024-10-01;10;Beleza;3266,64;1194,40
2024-10-01;10;Esporte;2868,09;1269,00
2024-10-01;11;Eletronicos;4213,34;1918,81
2024-10-01;11;Casa;2972,99;1122,05
2024-10-01;11;Moda;1835,63;702,97
2024-10-01;11;Beleza;1208,06;499,70
2024-10-01;11;Esporte;4392,63;1753,31
2024-10-01;12;Eletronicos;4650,06;1840,20
2024-10-01;12;Casa;4070,78;1505,39
2024-10-01;12;Moda;6338,63;2543,31
2024-10-01;12;Beleza;3059,21;1397,42
2024-10-01;12;Esporte;4171,63;1790,99
2024-11-01;1;Eletronicos;5862,84;2624,17
2024-11-01;1;Casa;4602,01;1974,19
2024-11-01;1;Moda;3332,75;1287,76
2024-11-01;1;Beleza;2407,47;1014,08
2024-11-01;1;Esporte;1529,71;607,28
2024-11-01;2;Eletronicos;1855,44;677,24
2024-11-01;2;Casa;2859,35;1311,46
2024-11-01;2;Moda;1884,38;841,74
2024-11-01;2;Beleza;2593,23;1028,26
2024-11-01;2;Esporte;4820,83;2192,58
2024-11-01;3;Eletronicos;1133,32;421,71
2024-11-01;3;Casa;2311,62;960,77
2024-11-01;3;Moda;1840,30;765,71
2024-11-01;3;Beleza;1015,63;432,85
2024-11-01;3;Esporte;3987,36;1466,06
2024-11-01;4;Eletronicos;1506,96;684,41
2024-11-01;4;Casa;1572,67;566,66
2024-11-01;4;Moda;4203,44;1558,32
2024-11-01;4;Beleza;2428,18;1033,92
2024-11-01;4;Esporte;673,57;250,28
2024-11-01;5;Eletronicos;842,71;372,74
2024-11-01;5;Casa;1875,38;777,82
2024-11-01;5;Moda;2827,03;1062,06
2024-11-01;5;Beleza;4217,06;1614,41
2024-11-01;5;Esporte;3196,25;1184,51
2024-11-01;6;Eletronicos;3253,62;1385,51
2024-11-01;6;Casa;4085,09;1739,79
2024-11-01;6;Moda;1896,55;697,87
2024-11-01;6;Beleza;1368,17;551,73
2024-11-01;6;Esporte;5663,62;2258,46
2024-11-01;7;Eletronicos;1479,94;609,84
2024-11-01;7;Casa;4426,22;1804,08
2024-11-01;7;Moda;2236,62;866,89
2024-11-01;7;Beleza;1579,84;703,69
2024-11-01;7;Esporte;522,72;233,83
2024-11-01;8;Eletronicos;2142,46;786,05
2024-11-01;8;Casa;2363,87;1055,15
2024-11-01;8;Moda;4077,12;1614,34
2024-11-01;8;Beleza;7793,88;3027,21
2024-11-01;8;Esporte;3212,55;1259,08
2024-11-01;9;Eletronicos;5222,53;2375,43
2024-11-01;9;Casa;3451,71;1352,36
2024-11-01;9;Moda;4413,58;1895,80
2024-11-01;9;Beleza;1846,10;711,59
2024-11-01;9;Esporte;3612,65;1615,76
2024-11-01;10;Eletronicos;5370,82;2179,29
2024-11-01;10;Casa;1162,79;487,71
2024-11-01;10;Moda;2350,36;858,26
2024-11-01;10;Beleza;3593,06;1589,96
2024-11-01;10;Esporte;4270,60;1656,75
2024-11-01;11;Eletronicos;2224,75;903,71
2024-11-01;11;Casa;2617,69;1198,07
2024-11-01;11;Moda;2406,66;999,36
2024-11-01;11;Beleza;4416,46;1822,02
2024-11-01;11;Esporte;925,30;398,56
2024-11-01;12;Eletronicos;602,33;252,53
2024-11-01;12;Casa;4416,33;1680,55
2024-11-01;12;Moda;3776,12;1596,15
2024-11-01;12;Beleza;1145,71;442,44
2024-11-01;12;Esporte;5085,18;1907,09
2024-12-01;1;Eletronicos;2179,00;803,32
2024-12-01;1;Casa;3734,17;1591,38
2024-12-01;1;Moda;4639,57;1711,55
2024-12-01;1;Beleza;3264,65;1482,24
2024-12-01;1;Esporte;8244,48;3664,70
2024-12-01;2;Eletronicos;3754,60;1535,00
2024-12-01;2;Casa;1637,42;682,72
2024-12-01;2;Moda;2126,65;966,72
2024-12-01;2;Beleza;2919,16;1110,97
2024-12-01;2;Esporte;3236,36;1230,06
2024-12-01;3;Eletronicos;7193,49;3233,39
2024-12-01;3;Casa;5323,00;2431,83
2024-12-01;3;Moda;6440,62;2916,20
2024-12-01;3;Beleza;4348,92;1588,53
2024-12-01;3;Esporte;2259,46;1024,76
2024-12-01;4;Eletronicos;3003,55;1150,50
2024-12-01;4;Casa;2574,53;959,16
2024-12-01;4;Moda;7220,99;2869,74
2024-12-01;4;Beleza;2612,16;1128,53
2024-12-01;4;Esporte;5704,50;2536,29
2024-12-01;5;Eletronicos;557,40;225,19
2024-12-01;5;Casa;946,61;432,21
2024-12-01;5;Moda;2720,90;1088,79
2024-12-01;5;Beleza;1210,59;453,64
2024-12-01;5;Esporte;834,21;315,20
2024-12-01;6;Eletronicos;1591,36;641,88
2024-12-01;6;Casa;3204,27;1196,59
2024-12-01;6;Moda;2476,35;898,90
2024-12-01;6;Beleza;5383,89;1988,78
2024-12-01;6;Esporte;4282,48;1768,69
2024-12-01;7;Eletronicos;1219,12;472,28
2024-12-01;7;Casa;4369,53;1927,42
2024-12-01;7;Moda;2870,84;1194,56
2024-12-01;7;Beleza;808,20;331,85
2024-12-01;7;Esporte;2672,67;968,57
2024-12-01;8;Eletronicos;2795,08;1185,23
2024-12-01;8;Casa;1214,61;484,97
2024-12-01;8;Moda;1333,72;556,63
2024-12-01;8;Beleza;1482,32;666,71
2024-12-01;8;Esporte;1084,48;463,08
2024-12-01;9;Eletronicos;6087,91;2759,48
2024-12-01;9;Casa;3647,59;1314,50
2024-12-01;9;Moda;6310,24;2804,24
2024-12-01;9;Beleza;3925,10;1782,92
2024-12-01;9;Esporte;912,00;405,20
2024-12-01;10;Eletronicos;5579,51;2434,81
2024-12-01;10;Casa;3345,93;1225,39
2024-12-01;10;Moda;6660,58;2997,43
2024-12-01;10;Beleza;597,72;237,80
2024-12-01;10;Esporte;3483,47;1537,33
2024-12-01;11;Eletronicos;2514,45;982,64
2024-12-01;11;Casa;2536,73;1027,95
2024-12-01;11;Moda;5312,76;1960,47
2024-12-01;11;Beleza;3905,11;1529,47
2024-12-01;11;Esporte;4908,88;1799,03
2024-12-01;12;Eletronicos;7127,67;3061,41
2024-12-01;12;Casa;5442,97;2170,93
2024-12-01;12;Moda;1643,57;712,53
2024-12-01;12;Beleza;2335,73;924,59
2024-12-01;12;Esporte;2696,11;1084,72
2025-01-01;1;Eletronicos;2474,59;1026,97
2025-01-01;1;Casa;1967,24;820,37
2025-01-01;1;Moda;4469,59;1930,15
2025-01-01;1;Beleza;1813,29;777,34
2025-01-01;1;Esporte;1520,38;656,37
2025-01-01;2;Eletronicos;4872,80;1857,40
2025-01-01;2;Casa;1434,14;636,96
2025-01-01;2;Moda;2348,73;1075,34
2025-01-01;2;Beleza;3306,42;1424,63
2025-01-01;2;Esporte;5880,50;2384,51
2025-01-01;3;Eletronicos;6717,39;2991,79
2025-01-01;3;Casa;4451,95;1781,83
2025-01-01;3;Moda;5471,10;2004,34
2025-01-01;3;Beleza;2913,59;1288,83
2025-01-01;3;Esporte;3175,68;1258,87
2025-01-01;4;Eletronicos;2959,12;1080,03
2025-01-01;4;Casa;5692,51;2602,40
2025-01-01;4;Moda;5921,44;2214,96
2025-01-01;4;Beleza;314,56;126,43
2025-01-01;4;Esporte;3279,95;1496,92
2025-01-01;5;Eletronicos;4230,15;1887,74
2025-01-01;5;Casa;4498,34;1912,27
2025-01-01;5;Moda;8674,26;3704,35
2025-01-01;5;Beleza;2563,40;1019,21
2025-01-01;5;Esporte;3544,45;1574,84
2025-01-01;6;Eletronicos;1310,26;472,41
2025-01-01;6;Casa;2316,55;850,67
2025-01-01;6;Moda;5331,78;2296,89
2025-01-01;6;Beleza;4307,63;1817,11
2025-01-01;6;Esporte;3220,92;1372,34
2025-01-01;7;Eletronicos;5918,59;2634,41
2025-01-01;7;Casa;6042,36;2482,84
2025-01-01;7;Moda;6795,16;3027,19
2025-01-01;7;Beleza;2324,49;960,74
2025-01-01;7;Esporte;5149,18;2028,07
2025-01-01;8;Eletronicos;536,70;219,69
2025-01-01;8;Casa;6234,05;2682,78
2025-01-01;8;Moda;2372,43;869,48
2025-01-01;8;Beleza;4557,21;2091,42
2025-01-01;8;Esporte;4223,13;1644,68
2025-01-01;9;Eletronicos;2293,09;1036,74
2025-01-01;9;Casa;6868,83;2952,39
2025-01-01;9;Moda;4986,70;2038,87
2025-01-01;9;Beleza;2803,76;1161,07
2025-01-01;9;Esporte;6837,16;2864,34
2025-01-01;10;Eletronicos;5569,25;2495,17
2025-01-01;10;Casa;716,98;310,21
2025-01-01;10;Moda;4871,29;2009,80
2025-01-01;10;Beleza;2982,00;1245,96
2025-01-01;10;Esporte;2112,31;764,44
2025-01-01;11;Eletronicos;3038,71;1205,39
2025-01-01;11;Casa;3116,46;1350,28
2025-01-01;11;Moda;6901,97;3041,50
2025-01-01;11;Beleza;4101,49;1586,35
2025-01-01;11;Esporte;3470,07;1447,49
2025-01-01;12;Eletronicos;1904,04;693,44
2025-01-01;12;Casa;3120,66;1407,22
2025-01-01;12;Moda;4045,27;1628,78
2025-01-01;12;Beleza;1689,55;663,57
2025-01-01;12;Esporte;2708,79;1076,97
2025-02-01;1;Eletronicos;3102,11;1337,89
2025-02-01;1;Casa;620,37;251,15
2025-02-01;1;Moda;3443,78;1531,44
2025-02-01;1;Beleza;3806,57;1490,97
2025-02-01;1;Esporte;6498,89;2791,41
2025-02-01;2;Eletronicos;3874,50;1615,74
2025-02-01;2;Casa;4071,81;1484,55
2025-02-01;2;Moda;6987,98;2849,15
2025-02-01;2;Beleza;681,67;254,53
2025-02-01;2;Esporte;1286,20;527,89
2025-02-01;3;Eletronicos;1802,57;757,93
2025-02-01;3;Casa;5241,72;2384,60
2025-02-01;3;Moda;2277,78;1032,02
2025-02-01;3;Beleza;3700,53;1675,11
2025-02-01;3;Esporte;4763,18;2045,82
2025-02-01;4;Eletronicos;3056,20;1285,38
2025-02-01;4;Casa;6819,56;2721,32
2025-02-01;4;Moda;2699,92;1036,71
2025-02-01;4;Beleza;1451,05;629,62
2025-02-01;4;Esporte;4381,39;1598,80
2025-02-01;5;Eletronicos;2844,36;1245,12
2025-02-01;5;Casa;2785,68;1176,83
2025-02-01;5;Moda;7478,69;2804,22
2025-02-01;5;Beleza;3323,83;1372,05
2025-02-01;5;Esporte;6523,02;2832,11
2025-02-01;6;Eletronicos;2414,99;1004,91
2025-02-01;6;Casa;2648,09;953,65
2025-02-01;6;Moda;1685,73;646,51
2025-02-01;6;Beleza;2477,22;953,55
2025-02-01;6;Esporte;2923,23;1213,99
2025-02-01;7;Eletronicos;6545,64;2966,30
2025-02-01;7;Casa;3012,72;1128,73
2025-02-01;7;Moda;2521,32;1152,16
2025-02-01;7;Beleza;3222,61;1320,33
2025-02-01;7;Esporte;1833,95;692,60
2025-02-01;8;Eletronicos;2464,27;988,38
2025-02-01;8;Casa;3323,80;1317,88
2025-02-01;8;Moda;968,20;349,94
2025-02-01;8;Beleza;2762,20;1031,28
2025-02-01;8;Esporte;1119,70;503,35
2025-02-01;9;Eletronicos;987,66;384,70
2025-02-01;9;Casa;1052,06;410,50
2025-02-01;9;Moda;2521,41;974,58
2025-02-01;9;Beleza;1863,21;700,15
2025-02-01;9;Esporte;7930,67;3083,67
2025-02-01;10;Eletronicos;2551,65;1008,68
2025-02-01;10;Casa;4248,50;1862,30
2025-02-01;10;Moda;1863,37;792,15
2025-02-01;10;Beleza;6245,41;2482,13
2025-02-01;10;Esporte;3392,54;1489,21
2025-02-01;11;Eletronicos;4346,55;1645,25
2025-02-01;11;Casa;5375,67;2279,04
2025-02-01;11;Moda;5209,70;2213,69
2025-02-01;11;Beleza;4085,42;1610,70
2025-02-01;11;Esporte;9553,28;4076,86
2025-02-01;12;Eletronicos;3304,27;1465,70
2025-02-01;12;Casa;1457,09;573,13
2025-02-01;12;Moda;5602,03;2182,44
2025-02-01;12;Beleza;5338,87;2293,62
2025-02-01;12;Esporte;3273,54;1287,78
2025-03-01;1;Eletronicos;837,16;342,68
2025-03-01;1;Casa;1908,59;720,09
2025-03-01;1;Moda;3393,35;1317,75
2025-03-01;1;Beleza;1227,56;564,34
2025-03-01;1;Esporte;974,37;424,94
2025-03-01;2;Eletronicos;3827,26;1668,31
2025-03-01;2;Casa;4205,34;1933,06
2025-03-01;2;Moda;10425,80;3758,18
2025-03-01;2;Beleza;4175,78;1702,51
2025-03-01;2;Esporte;4568,96;1692,87
2025-03-01;3;Eletronicos;3717,40;1532,01
2025-03-01;3;Casa;626,44;245,01
2025-03-01;3;Moda;3246,65;1282,74
2025-03-01;3;Beleza;7091,69;2812,63
2025-03-01;3;Esporte;4660,91;2031,78
2025-03-01;4;Eletronicos;3025,63;1367,28
2025-03-01;4;Casa;2636,03;1197,38
2025-03-01;4;Moda;5268,17;2147,03
2025-03-01;4;Beleza;2789,26;1229,41
2025-03-01;4;Esporte;5116,73;2034,22
2025-03-01;5;Eletronicos;1736,54;683,09
2025-03-01;5;Casa;3082,37;1322,27
2025-03-01;5;Moda;3918,09;1632,58
2025-03-01;5;Beleza;2097,47;912,15
2025-03-01;5;Esporte;2365,03;1002,25
2025-03-01;6;Eletronicos;4415,88;1894,16
2025-03-01;6;Casa;3133,22;1177,60
2025-03-01;6;Moda;8341,25;3559,97
2025-03-01;6;Beleza;3651,86;1451,59
2025-03-01;6;Esporte;623,39;261,26
2025-03-01;7;Eletronicos;5162,89;2036,04
2025-03-01;7;Casa;6571,91;2871,39
2025-03-01;7;Moda;8289,92;3227,35
2025-03-01;7;Beleza;2197,39;809,69
2025-03-01;7;Esporte;1853,18;834,56
2025-03-01;8;Eletronicos;3450,25;1327,43
2025-03-01;8;Casa;3313,49;1500,75
2025-03-01;8;Moda;2206,60;898,94
2025-03-01;8;Beleza;525,81;237,19
2025-03-01;8;Esporte;4919,02;2014,81
2025-03-01;9;Eletronicos;5883,25;2221,74
2025-03-01;9;Casa;4250,72;1603,01
2025-03-01;9;Moda;3876,14;1524,12
2025-03-01;9;Beleza;4416,75;1725,02
2025-03-01;9;Esporte;2708,54;1140,67
2025-03-01;10;Eletronicos;699,53;296,74
2025-03-01;10;Casa;5673,57;2294,56
2025-03-01;10;Moda;5029,92;2226,09
2025-03-01;10;Beleza;5608,62;2020,98
2025-03-01;10;Esporte;4771,08;2029,85
2025-03-01;11;Eletronicos;6510,23;2907,99
2025-03-01;11;Casa;1931,94;719,97
2025-03-01;11;Moda;8496,01;3568,80
2025-03-01;11;Beleza;1275,43;515,35
2025-03-01;11;Esporte;5504,27;2287,85
2025-03-01;12;Eletronicos;1085,17;492,94
2025-03-01;12;Casa;1530,24;573,79
2025-03-01;12;Moda;3984,38;1455,77
2025-03-01;12;Beleza;3618,21;1539,67
2025-03-01;12;Esporte;3039,45;1305,58
2025-04-01;1;Eletronicos;4073,00;1631,23
2025-04-01;1;Casa;1515,26;618,17
2025-04-01;1;Moda;2418,28;1067,50
2025-04-01;1;Beleza;4699,08;1879,91
2025-04-01;1;Esporte;6731,88;2536,38
2025-04-01;2;Eletronicos;2109,61;836,49
2025-04-01;2;Casa;2748,52;1136,97
2025-04-01;2;Moda;4948,41;2076,30
2025-04-01;2;Beleza;961,68;356,46
2025-04-01;2;Esporte;3425,82;1259,80
2025-04-01;3;Eletronicos;3205,71;1413,81
2025-04-01;3;Casa;3636,87;1465,01
2025-04-01;3;Moda;2978,59;1334,47
2025-04-01;3;Beleza;1753,04;646,63
2025-04-01;3;Esporte;2020,00;769,19
2025-04-01;4;Eletronicos;1517,73;610,64
2025-04-01;4;Casa;2221,17;915,29
2025-04-01;4;Moda;5235,58;1948,86
2025-04-01;4;Beleza;2439,64;998,98
2025-04-01;4;Esporte;1519,57;619,74
2025-04-01;5;Eletronicos;3224,44;1235,29
2025-04-01;5;Casa;1995,31;879,07
2025-04-01;5;Moda;3587,90;1386,63
2025-04-01;5;Beleza;4483,83;1661,84
2025-04-01;5;Esporte;5185,14;1888,96
2025-04-01;6;Eletronicos;0,00;0,00
2025-04-01;6;Casa;1505,73;659,46
2025-04-01;6;Moda;3685,03;1639,34
2025-04-01;6;Beleza;1252,05;489,89
2025-04-01;6;Esporte;2510,26;1138,78
2025-04-01;7;Eletronicos;3623,45;1403,90
2025-04-01;7;Casa;3474,15;1550,66
2025-04-01;7;Moda;6316,14;2604,95
2025-04-01;7;Beleza;4316,98;1960,40
2025-04-01;7;Esporte;1732,66;629,27
2025-04-01;8;Eletronicos;2206,89;948,92
2025-04-01;8;Casa;6622,30;2897,38
2025-04-01;8;Moda;2958,54;1324,03
2025-04-01;8;Beleza;3452,81;1544,49
2025-04-01;8;Esporte;1975,25;871,67
2025-04-01;9;Eletronicos;2025,63;908,09
2025-04-01;9;Casa;2176,09;961,10
2025-04-01;9;Moda;2919,93;1084,02
2025-04-01;9;Beleza;3745,54;1460,49
2025-04-01;9;Esporte;5063,78;2315,97
2025-04-01;10;Eletronicos;4725,68;1896,68
2025-04-01;10;Casa;4572,59;1656,73
2025-04-01;10;Moda;5706,81;2597,78
2025-04-01;10;Beleza;693,22;292,58
2025-04-01;10;Esporte;2772,14;1268,31
2025-04-01;11;Eletronicos;5656,76;2041,59
2025-04-01;11;Casa;5054,27;1850,83
2025-04-01;11;Moda;2097,55;839,90
2025-04-01;11;Beleza;5463,33;2203,65
2025-04-01;11;Esporte;4179,62;1772,71
2025-04-01;12;Eletronicos;4134,04;1639,64
2025-04-01;12;Casa;3185,51;1227,08
2025-04-01;12;Moda;7319,06;2881,25
2025-04-01;12;Beleza;2590,53;1140,75
2025-04-01;12;Esporte;1024,72;374,16
2025-05-01;1;Eletronicos;2159,90;810,69
2025-05-01;1;Casa;5646,73;2237,60
2025-05-01;1;Moda;4980,56;1972,43
2025-05-01;1;Beleza;2386,45;1070,18
2025-05-01;1;Esporte;2286,84;1020,50
2025-05-01;2;Eletronicos;1185,77;445,93
2025-05-01;2;Casa;2759,82;1063,38
2025-05-01;2;Moda;4952,80;2194,97
2025-05-01;2;Beleza;2991,53;1078,83
2025-05-01;2;Esporte;924,93;350,80
2025-05-01;3;Eletronicos;776,19;336,39
2025-05-01;3;Casa;3303,96;1390,50
2025-05-01;3;Moda;4562,78;2048,41
2025-05-01;3;Beleza;1885,81;730,29
2025-05-01;3;Esporte;5812,41;2479,10
2025-05-01;4;Eletronicos;3476,55;1311,21
2025-05-01;4;Casa;2076,63;913,26
2025-05-01;4;Moda;1310,41;513,29
2025-05-01;4;Beleza;1162,80;506,79
2025-05-01;4;Esporte;2234,19;805,60
2025-05-01;5;Eletronicos;5481,76;2276,59
2025-05-01;5;Casa;7185,56;2912,28
2025-05-01;5;Moda;4689,22;1972,30
2025-05-01;5;Beleza;3710,29;1480,62
2025-05-01;5;Esporte;7711,05;3173,37
2025-05-01;6;Eletronicos;1989,71;771,95
2025-05-01;6;Casa;3173,93;1349,96
2025-05-01;6;Moda;5000,74;2196,94
2025-05-01;6;Beleza;2112,31;817,43
2025-05-01;6;Esporte;721,24;330,65
2025-05-01;7;Eletronicos;4858,45;2039,11
2025-05-01;7;Casa;12801,93;5674,48
2025-05-01;7;Moda;2663,09;983,45
2025-05-01;7;Beleza;4213,69;1737,97
2025-05-01;7;Esporte;4652,94;1966,34
2025-05-01;8;Eletronicos;5339,82;2240,57
2025-05-01;8;Casa;5299,54;2431,08
2025-05-01;8;Moda;7488,33;2838,63
2025-05-01;8;Beleza;976,34;408,94
2025-05-01;8;Esporte;4018,78;1454,67
2025-05-01;9;Eletronicos;791,13;324,84
2025-05-01;9;Casa;2997,69;1178,95
2025-05-01;9;Moda;2441,34;960,37
2025-05-01;9;Beleza;5169,26;1909,98
2025-05-01;9;Esporte;2685,05;1121,87
2025-05-01;10;Eletronicos;2846,14;1068,87
2025-05-01;10;Casa;2585,49;1017,28
2025-05-01;10;Moda;3339,58;1373,14
2025-05-01;10;Beleza;3031,76;1126,51
2025-05-01;10;Esporte;4607,50;1907,33
2025-05-01;11;Eletronicos;3781,49;1576,36
2025-05-01;11;Casa;5506,69;2272,88
2025-05-01;11;Moda;5372,32;2335,84
2025-05-01;11;Beleza;3457,75;1495,74
2025-05-01;11;Esporte;1137,24;496,66
2025-05-01;12;Eletronicos;4959,05;2015,83
2025-05-01;12;Casa;2070,43;883,30
2025-05-01;12;Moda;4838,69;1837,53
2025-05-01;12;Beleza;3773,35;1418,44
2025-05-01;12;Esporte;1825,49;820,51
2025-06-01;1;Eletronicos;1960,21;845,90
2025-06-01;1;Casa;2691,08;1176,62
2025-06-01;1;Moda;4178,70;1608,17
2025-06-01;1;Beleza;3325,44;1521,09
2025-06-01;1;Esporte;560,34;223,19
2025-06-01;2;Eletronicos;3679,64;1591,00
2025-06-01;2;Casa;3985,97;1648,45
2025-06-01;2;Moda;4873,93;2129,80
2025-06-01;2;Beleza;5252,87;2084,74
2025-06-01;2;Esporte;3837,22;1645,85
2025-06-01;3;Eletronicos;2384,11;958,28
2025-06-01;3;Casa;1765,54;729,24
2025-06-01;3;Moda;1712,00;626,52
2025-06-01;3;Beleza;1687,16;718,10
2025-06-01;3;Esporte;1709,15;748,23
2025-06-01;4;Eletronicos;677,95;285,16
2025-06-01;4;Casa;2251,77;813,35
2025-06-01;4;Moda;3515,75;1354,52
2025-06-01;4;Beleza;2344,01;1037,98
2025-06-01;4;Esporte;4409,93;1961,87
2025-06-01;5;Eletronicos;411,21;176,83
2025-06-01;5;Casa;1974,17;792,77
2025-06-01;5;Moda;2930,84;1246,08
2025-06-01;5;Beleza;1974,55;796,44
2025-06-01;5;Esporte;109,11;49,71
2025-06-01;6;Eletronicos;1822,37;792,51
2025-06-01;6;Casa;1199,05;499,24
2025-06-01;6;Moda;1738,03;755,05
2025-06-01;6;Beleza;1292,94;550,60
2025-06-01;6;Esporte;1708,45;683,74
2025-06-01;7;Eletronicos;697,76;294,70
2025-06-01;7;Casa;3524,21;1512,78
2025-06-01;7;Moda;1941,30;735,15
2025-06-01;7;Beleza;5107,60;2306,18
2025-06-01;7;Esporte;3090,00;1294,10
2025-06-01;8;Eletronicos;1774,32;648,15
2025-06-01;8;Casa;3794,25;1692,70
2025-06-01;8;Moda;8661,89;3483,01
2025-06-01;8;Beleza;541,94;215,08
2025-06-01;8;Esporte;1679,75;742,27
2025-06-01;9;Eletronicos;3330,91;1303,21
2025-06-01;9;Casa;3610,50;1490,89
2025-06-01;9;Moda;1999,40;792,57
2025-06-01;9;Beleza;2475,45;1104,97
2025-06-01;9;Esporte;2545,04;1119,89
2025-06-01;10;Eletronicos;3380,93;1315,78
2025-06-01;10;Casa;3676,37;1328,40
2025-06-01;10;Moda;2182,80;975,02
2025-06-01;10;Beleza;4890,56;2189,48
2025-06-01;10;Esporte;1445,13;545,23
2025-06-01;11;Eletronicos;5431,64;2062,70
2025-06-01;11;Casa;2472,74;934,88
2025-06-01;11;Moda;11219,50;4658,76
2025-06-01;11;Beleza;1937,24;738,55
2025-06-01;11;Esporte;4907,20;2061,45
2025-06-01;12;Eletronicos;3675,94;1485,95
2025-06-01;12;Casa;4920,34;2182,32
2025-06-01;12;Moda;6806,84;2658,22
2025-06-01;12;Beleza;5225,39;2328,35
2025-06-01;12;Esporte;1431,40;608,33
2025-07-01;1;Eletronicos;2603,11;1081,89
2025-07-01;1;Casa;2839,11;1099,06
2025-07-01;1;Moda;5594,24;2453,48
2025-07-01;1;Beleza;6077,52;2460,46
2025-07-01;1;Esporte;959,85;436,81
2025-07-01;2;Eletronicos;2253,20;853,47
2025-07-01;2;Casa;803,82;291,08
2025-07-01;2;Moda;4358,73;1692,92
2025-07-01;2;Beleza;3517,80;1349,97
2025-07-01;2;Esporte;6164,00;2673,91
2025-07-01;3;Eletronicos;5511,33;2392,48
2025-07-01;3;Casa;3701,59;1505,48
2025-07-01;3;Moda;2280,14;997,62
2025-07-01;3;Beleza;1292,43;477,79
2025-07-01;3;Esporte;3173,75;1443,92
2025-07-01;4;Eletronicos;5547,18;2302,48
2025-07-01;4;Casa;2365,99;970,17
2025-07-01;4;Moda;2489,16;962,32
2025-07-01;4;Beleza;1627,09;672,65
2025-07-01;4;Esporte;1350,04;519,76
2025-07-01;5;Eletronicos;2315,36;1034,64
2025-07-01;5;Casa;1675,17;728,02
2025-07-01;5;Moda;1046,93;381,66
2025-07-01;5;Beleza;1296,07;480,62
2025-07-01;5;Esporte;2996,26;1361,79
2025-07-01;6;Eletronicos;2250,93;1022,09
2025-07-01;6;Casa;2147,18;855,51
2025-07-01;6;Moda;5679,20;2494,61
2025-07-01;6;Beleza;1558,62;599,47
2025-07-01;6;Esporte;4266,69;1947,34
2025-07-01;7;Eletronicos;2639,72;1063,33
2025-07-01;7;Casa;4949,13;1817,11
2025-07-01;7;Moda;3296,77;1442,30
2025-07-01;7;Beleza;4508,67;1699,84
2025-07-01;7;Esporte;3002,41;1116,83
2025-07-01;8;Eletronicos;2708,13;1201,48
2025-07-01;8;Casa;1021,52;371,58
2025-07-01;8;Moda;2614,42;1019,72
2025-07-01;8;Beleza;3614,18;1426,03
2025-07-01;8;Esporte;3905,35;1689,62
2025-07-01;9;Eletronicos;3506,54;1411,74
2025-07-01;9;Casa;5753,18;2612,40
2025-07-01;9;Moda;10668,48;4326,44
2025-07-01;9;Beleza;3613,53;1577,45
2025-07-01;9;Esporte;5757,06;2332,92
2025-07-01;10;Eletronicos;611,87;222,96
2025-07-01;10;Casa;0,00;0,00
2025-07-01;10;Moda;9301,90;3926,18
2025-07-01;10;Beleza;3534,15;1391,69
2025-07-01;10;Esporte;2339,83;916,93
2025-07-01;11;Eletronicos;4585,99;1930,32
2025-07-01;11;Casa;6214,55;2430,95
2025-07-01;11;Moda;7542,68;3218,68
2025-07-01;11;Beleza;4220,50;1863,76
2025-07-01;11;Esporte;7418,70;3331,76
2025-07-01;12;Eletronicos;3102,36;1172,34
2025-07-01;12;Casa;2387,63;931,97
2025-07-01;12;Moda;4768,85;2032,98
2025-07-01;12;Beleza;4137,23;1560,30
2025-07-01;12;Esporte;1837,15;834,68
2025-08-01;1;Eletronicos;4069,26;1752,77
2025-08-01;1;Casa;4945,11;2230,06
2025-08-01;1;Moda;7636,22;3481,96
2025-08-01;1;Beleza;4740,34;2168,79
2025-08-01;1;Esporte;5309,29;2167,76
2025-08-01;2;Eletronicos;2664,74;1093,89
2025-08-01;2;Casa;6065,43;2690,64
2025-08-01;2;Moda;5127,17;2114,60
2025-08-01;2;Beleza;5075,93;2288,98
2025-08-01;2;Esporte;1605,62;720,61
2025-08-01;3;Eletronicos;4590,59;1966,87
2025-08-01;3;Casa;2507,09;1046,58
2025-08-01;3;Moda;3546,68;1484,51
2025-08-01;3;Beleza;2858,04;1228,42
2025-08-01;3;Esporte;2373,74;941,01
2025-08-01;4;Eletronicos;3527,25;1466,10
2025-08-01;4;Casa;2853,99;1028,32
2025-08-01;4;Moda;6440,00;2384,11
2025-08-01;4;Beleza;3129,72;1211,60
2025-08-01;4;Esporte;969,01;383,74
2025-08-01;5;Eletronicos;3005,79;1165,71
2025-08-01;5;Casa;4034,44;1481,83
2025-08-01;5;Moda;5107,55;2103,35
2025-08-01;5;Beleza;5179,63;2180,77
2025-08-01;5;Esporte;6659,47;2641,45
2025-08-01;6;Eletronicos;2686,05;1213,72
2025-08-01;6;Casa;1977,89;789,51
2025-08-01;6;Moda;2610,22;1098,34
2025-08-01;6;Beleza;6248,76;2853,46
2025-08-01;6;Esporte;4362,02;1614,87
2025-08-01;7;Eletronicos;2468,98;998,55
2025-08-01;7;Casa;3975,99;1763,41
2025-08-01;7;Moda;5908,05;2665,92
2025-08-01;7;Beleza;3352,15;1355,72
2025-08-01;7;Esporte;3514,93;1602,70
2025-08-01;8;Eletronicos;3257,67;1222,49
2025-08-01;8;Casa;4407,59;1948,52
2025-08-01;8;Moda;3368,60;1337,42
2025-08-01;8;Beleza;1650,29;741,90
2025-08-01;8;Esporte;4888,55;2019,92
2025-08-01;9;Eletronicos;2172,02;923,88
2025-08-01;9;Casa;3692,70;1381,42
2025-08-01;9;Moda;2993,69;1236,71
2025-08-01;9;Beleza;1628,79;690,32
2025-08-01;9;Esporte;525,30;217,94
2025-08-01;10;Eletronicos;3457,20;1457,67
2025-08-01;10;Casa;5061,11;2201,99
2025-08-01;10;Moda;5049,91;2125,07
2025-08-01;10;Beleza;1367,08;587,35
2025-08-01;10;Esporte;1907,87;797,31
2025-08-01;11;Eletronicos;4155,76;1685,56
2025-08-01;11;Casa;4363,46;1768,17
2025-08-01;11;Moda;3467,27;1418,35
2025-08-01;11;Beleza;2694,88;1058,80
2025-08-01;11;Esporte;3308,41;1490,95
2025-08-01;12;Eletronicos;1474,00;630,39
2025-08-01;12;Casa;3173,65;1344,38
2025-08-01;12;Moda;5973,27;2536,34
2025-08-01;12;Beleza;1319,28;515,28
2025-08-01;12;Esporte;3806,41;1693,37
2025-09-01;1;Eletronicos;4104,43;1819,61
2025-09-01;1;Casa;1762,63;800,77
2025-09-01;1;Moda;3716,71;1413,28
2025-09-01;1;Beleza;821,13;337,50
2025-09-01;1;Esporte;679,45;299,89
2025-09-01;2;Eletronicos;6090,98;2239,04
2025-09-01;2;Casa;4107,71;1799,37
2025-09-01;2;Moda;4338,26;1869,74
2025-09-01;2;Beleza;2232,75;1006,47
2025-09-01;2;Esporte;4923,09;2257,77
2025-09-01;3;Eletronicos;1104,32;429,07
2025-09-01;3;Casa;3066,51;1400,95
2025-09-01;3;Moda;3353,81;1403,16
2025-09-01;3;Beleza;2211,81;843,91
2025-09-01;3;Esporte;1761,06;757,85
2025-09-01;4;Eletronicos;4445,19;1862,22
2025-09-01;4;Casa;9503,23;3439,28
2025-09-01;4;Moda;2729,88;1235,41
2025-09-01;4;Beleza;4992,78;1802,46
2025-09-01;4;Esporte;3306,46;1365,61
2025-09-01;5;Eletronicos;1477,67;622,31
2025-09-01;5;Casa;630,39;253,59
2025-09-01;5;Moda;2901,77;1249,88
2025-09-01;5;Beleza;2406,18;907,81
2025-09-01;5;Esporte;1835,76;791,53
2025-09-01;6;Eletronicos;4586,12;1796,47
2025-09-01;6;Casa;2402,27;1015,56
2025-09-01;6;Moda;4080,12;1859,70
2025-09-01;6;Beleza;6186,92;2312,06
2025-09-01;6;Esporte;3469,02;1587,44
2025-09-01;7;Eletronicos;2058,99;778,67
2025-09-01;7;Casa;4609,79;1928,32
2025-09-01;7;Moda;3859,49;1743,54
2025-09-01;7;Beleza;4214,29;1864,94
2025-09-01;7;Esporte;6506,70;2396,79
2025-09-01;8;Eletronicos;3650,97;1675,54
2025-09-01;8;Casa;2733,02;1057,52
2025-09-01;8;Moda;5722,33;2167,49
2025-09-01;8;Beleza;2460,72;1020,22
2025-09-01;8;Esporte;4272,17;1817,22
2025-09-01;9;Eletronicos;2707,06;1241,13
2025-09-01;9;Casa;914,60;357,45
2025-09-01;9;Moda;3983,00;1570,08
2025-09-01;9;Beleza;1611,08;634,65
2025-09-01;9;Esporte;2153,83;799,03
2025-09-01;10;Eletronicos;3671,31;1599,82
2025-09-01;10;Casa;8664,68;3355,15
2025-09-01;10;Moda;2273,61;1002,81
2025-09-01;10;Beleza;2642,08;1179,91
2025-09-01;10;Esporte;2838,02;1303,23
2025-09-01;11;Eletronicos;3656,83;1520,33
2025-09-01;11;Casa;589,90;271,17
2025-09-01;11;Moda;4621,54;1880,89
2025-09-01;11;Beleza;2310,91;955,90
2025-09-01;11;Esporte;2349,87;992,48
2025-09-01;12;Eletronicos;2836,57;1041,84
2025-09-01;12;Casa;4256,94;1917,08
2025-09-01;12;Moda;3791,02;1444,58
2025-09-01;12;Beleza;3624,31;1393,42
2025-09-01;12;Esporte;4611,17;2073,84
2025-10-01;1;Eletronicos;3364,16;1281,92
2025-10-01;1;Casa;2547,79;964,49
2025-10-01;1;Moda;10134,49;3701,25
2025-10-01;1;Beleza;6876,58;2676,72
2025-10-01;1;Esporte;5114,45;1949,63
2025-10-01;2;Eletronicos;616,93;228,54
2025-10-01;2;Casa;2382,51;935,79
2025-10-01;2;Moda;3933,09;1472,92
2025-10-01;2;Beleza;2256,99;889,95
2025-10-01;2;Esporte;3394,83;1412,73
2025-10-01;3;Eletronicos;3078,78;1411,35
2025-10-01;3;Casa;1207,12;470,44
2025-10-01;3;Moda;3709,77;1612,15
2025-10-01;3;Beleza;2846,02;1235,85
2025-10-01;3;Esporte;2928,58;1157,79
2025-10-01;4;Eletronicos;5158,97;2343,11
2025-10-01;4;Casa;3370,06;1362,42
2025-10-01;4;Moda;2917,82;1164,92
2025-10-01;4;Beleza;3416,05;1359,07
2025-10-01;4;Esporte;1614,41;597,82
2025-10-01;5;Eletronicos;1378,52;592,97
2025-10-01;5;Casa;3760,62;1440,07
2025-10-01;5;Moda;5121,65;2046,92
2025-10-01;5;Beleza;2040,52;782,66
2025-10-01;5;Esporte;3145,75;1413,83
2025-10-01;6;Eletronicos;1674,65;692,34
2025-10-01;6;Casa;3050,35;1386,09
2025-10-01;6;Moda;2933,15;1108,91
2025-10-01;6;Beleza;2179,30;865,52
2025-10-01;6;Esporte;4173,27;1776,04
2025-10-01;7;Eletronicos;3088,13;1315,29
2025-10-01;7;Casa;2763,49;1099,87
2025-10-01;7;Moda;3782,02;1374,72
2025-10-01;7;Beleza;4169,11;1582,47
2025-10-01;7;Esporte;1449,03;565,66
2025-10-01;8;Eletronicos;1740,96;701,65
2025-10-01;8;Casa;4790,18;2188,40
2025-10-01;8;Moda;5628,39;2150,27
2025-10-01;8;Beleza;6691,63;3010,17
2025-10-01;8;Esporte;3165,85;1339,93
2025-10-01;9;Eletronicos;3751,10;1606,56
2025-10-01;9;Casa;6611,67;2431,44
2025-10-01;9;Moda;3830,29;1733,26
2025-10-01;9;Beleza;2144,56;783,46
2025-10-01;9;Esporte;1943,49;765,52
2025-10-01;10;Eletronicos;539,15;199,67
2025-10-01;10;Casa;6502,22;2484,95
2025-10-01;10;Moda;6407,24;2470,57
2025-10-01;10;Beleza;3124,20;1414,26
2025-10-01;10;Esporte;2394,37;959,84
2025-10-01;11;Eletronicos;5581,74;2468,15
2025-10-01;11;Casa;2670,02;1145,79
2025-10-01;11;Moda;11761,66;5125,03
2025-10-01;11;Beleza;3405,08;1413,59
2025-10-01;11;Esporte;4391,71;1984,27
2025-10-01;12;Eletronicos;2292,96;898,88
2025-10-01;12;Casa;4042,66;1709,92
2025-10-01;12;Moda;3282,74;1297,14
2025-10-01;12;Beleza;2052,15;865,12
2025-10-01;12;Esporte;1929,12;856,90
2025-11-01;1;Eletronicos;3242,41;1467,95
2025-11-01;1;Casa;2075,94;762,58
2025-11-01;1;Moda;3879,85;1526,59
2025-11-01;1;Beleza;3771,26;1422,17
2025-11-01;1;Esporte;4012,00;1668,57
2025-11-01;2;Eletronicos;2014,57;870,67
2025-11-01;2;Casa;4003,05;1503,63
2025-11-01;2;Moda;3159,18;1319,27
2025-11-01;2;Beleza;8236,01;3381,70
2025-11-01;2;Esporte;4787,24;2150,47
2025-11-01;3;Eletronicos;4296,05;1784,17
2025-11-01;3;Casa;2500,03;1148,97
2025-11-01;3;Moda;3829,37;1534,58
2025-11-01;3;Beleza;3461,33;1464,74
2025-11-01;3;Esporte;3381,28;1367,73
2025-11-01;4;Eletronicos;2412,40;1001,36
2025-11-01;4;Casa;1285,57;536,49
2025-11-01;4;Moda;4328,25;1739,54
2025-11-01;4;Beleza;1658,90;659,42
2025-11-01;4;Esporte;2568,00;1034,69
2025-11-01;5;Eletronicos;4049,39;1517,13
2025-11-01;5;Casa;6698,16;2857,58
2025-11-01;5;Moda;12469,08;4598,59
2025-11-01;5;Beleza;2838,42;1300,52
2025-11-01;5;Esporte;4505,13;1832,78
2025-11-01;6;Eletronicos;3306,74;1468,69
2025-11-01;6;Casa;1108,26;476,01
2025-11-01;6;Moda;390,08;143,53
2025-11-01;6;Beleza;1693,77;741,12
2025-11-01;6;Esporte;2518,53;1084,64
2025-11-01;7;Eletronicos;1467,73;540,32
2025-11-01;7;Casa;2204,00;913,73
2025-11-01;7;Moda;4877,76;2003,65
2025-11-01;7;Beleza;3382,77;1518,52
2025-11-01;7;Esporte;2944,47;1144,24
2025-11-01;8;Eletronicos;3026,29;1213,21
2025-11-01;8;Casa;6014,10;2317,21
2025-11-01;8;Moda;4370,86;1904,43
2025-11-01;8;Beleza;6277,73;2563,48
2025-11-01;8;Esporte;4635,12;1836,57
2025-11-01;9;Eletronicos;3258,74;1398,34
2025-11-01;9;Casa;1420,33;545,24
2025-11-01;9;Moda;5144,92;1966,58
2025-11-01;9;Beleza;1943,04;777,18
2025-11-01;9;Esporte;5461,27;2209,48
2025-11-01;10;Eletronicos;1822,43;832,61
2025-11-01;10;Casa;3847,96;1647,72
2025-11-01;10;Moda;2501,74;1049,33
2025-11-01;10;Beleza;1908,96;838,90
2025-11-01;10;Esporte;453,07;169,30
2025-11-01;11;Eletronicos;1804,26;823,59
2025-11-01;11;Casa;3160,09;1315,06
2025-11-01;11;Moda;4437,20;1965,13
2025-11-01;11;Beleza;1673,91;732,13
2025-11-01;11;Esporte;797,94;290,21
2025-11-01;12;Eletronicos;5321,70;2307,92
2025-11-01;12;Casa;4136,92;1711,07
2025-11-01;12;Moda;5758,10;2384,06
2025-11-01;12;Beleza;1418,92;588,16
2025-11-01;12;Esporte;6401,85;2381,85
2025-12-01;1;Eletronicos;3682,17;1343,84
2025-12-01;1;Casa;2160,30;843,66
2025-12-01;1;Moda;3124,78;1185,27
2025-12-01;1;Beleza;1321,69;550,93
2025-12-01;1;Esporte;1284,80;505,22
2025-12-01;2;Eletronicos;4779,82;2151,75
2025-12-01;2;Casa;5297,09;2422,16
2025-12-01;2;Moda;5138,39;1960,45
2025-12-01;2;Beleza;2944,35;1270,16
2025-12-01;2;Esporte;6429,75;2614,03
2025-12-01;3;Eletronicos;3781,68;1678,55
2025-12-01;3;Casa;3064,05;1135,69
2025-12-01;3;Moda;8713,83;3891,29
2025-12-01;3;Beleza;3192,13;1346,54
2025-12-01;3;Esporte;4555,10;1730,19
2025-12-01;4;Eletronicos;3931,66;1513,53
2025-12-01;4;Casa;3800,92;1391,02
2025-12-01;4;Moda;4741,21;2093,77
2025-12-01;4;Beleza;4280,68;1952,71
2025-12-01;4;Esporte;2900,85;1298,48
2025-12-01;5;Eletronicos;2022,04;760,10
2025-12-01;5;Casa;1376,89;514,32
2025-12-01;5;Moda;3345,66;1330,01
2025-12-01;5;Beleza;4089,19;1807,80
2025-12-01;5;Esporte;602,67;269,54
2025-12-01;6;Eletronicos;3692,78;1683,84
2025-12-01;6;Casa;3010,57;1293,29
2025-12-01;6;Moda;3109,78;1295,29
2025-12-01;6;Beleza;2508,48;1000,13
2025-12-01;6;Esporte;4141,40;1572,49
2025-12-01;7;Eletronicos;1633,37;617,74
2025-12-01;7;Casa;2175,76;803,31
2025-12-01;7;Moda;5897,00;2488,95
2025-12-01;7;Beleza;1653,06;639,76
2025-12-01;7;Esporte;2599,27;1115,01
2025-12-01;8;Eletronicos;1736,37;739,93
2025-12-01;8;Casa;3235,03;1310,94
2025-12-01;8;Moda;5979,73;2659,90
2025-12-01;8;Beleza;5209,11;2264,72
2025-12-01;8;Esporte;2641,45;1026,70
2025-12-01;9;Eletronicos;2681,28;1136,38
2025-12-01;9;Casa;2960,17;1355,57
2025-12-01;9;Moda;5205,45;2382,97
2025-12-01;9;Beleza;3535,63;1552,70
2025-12-01;9;Esporte;2805,63;1221,04
2025-12-01;10;Eletronicos;1364,89;535,88
2025-12-01;10;Casa;2158,68;859,03
2025-12-01;10;Moda;4977,81;2197,99
2025-12-01;10;Beleza;2581,16;1115,46
2025-12-01;10;Esporte;3241,48;1291,26
2025-12-01;11;Eletronicos;4689,28;2136,54
2025-12-01;11;Casa;3421,64;1463,99
2025-12-01;11;Moda;5654,72;2235,13
2025-12-01;11;Beleza;6401,92;2522,33
2025-12-01;11;Esporte;7260,79;2679,62
2025-12-01;12;Eletronicos;5324,98;2236,78
2025-12-01;12;Casa;5357,26;2456,93
2025-12-01;12;Moda;3606,15;1500,66
2025-12-01;12;Beleza;6727,29;2445,12
2025-12-01;12;Esporte;7546,54;3185,22
